{
    "camera_matrix": [
        [
            912.7645263671875,
            0.0,
            655.1101684570312
        ],
        [
            0.0,
            911.037841796875,
            366.8575744628906
        ],
        [
            0.0,
            0.0,
            1.0
        ]
    ],
    "distortion_coefficients": [
        [
            0.0,
            0.0,
            0.0,
            0.0,
            0.0
        ]
    ]
}